<?xml version="1.0" encoding="UTF-8"?>
<project default="generate" name="XX--POC_Acceleo_pivot">
    <property name="ECLIPSE_HOME" value="../../../../XX--Logiciels/eclipse"/>
    <property name="ECLIPSE_WORKSPACE" value="../.."/>

    <!-- The classpath with only the dependencies used by the project -->
    <path id="XX--POC_Acceleo_pivot.libraryclasspath">
        <pathelement location="${ECLIPSE_WORKSPACE}/XX--POC_Acceleo_pivot/bin"/>
    </path>

    <path id="XX--POC_Acceleo_pivot.classpath">
        <path refid="XX--POC_Acceleo_pivot.libraryclasspath"/>
    </path>

    <!-- The classpath with only the jars available in the plugin folder of Eclipse -->
    <path id="XX--POC_Acceleo_pivot.libraryclasspath.alljars">
        <pathelement location="../XX--POC_Acceleo_pivot/bin"/>
        <fileset dir="${ECLIPSE_HOME}/plugins/" includes="*.jar"/>
    </path>

    <path id="XX--POC_Acceleo_pivot.classpath.alljars">
        <path refid="XX--POC_Acceleo_pivot.libraryclasspath.alljars"/>
    </path>

    <!-- The default task with the jars used by this project -->
    <target name="generate">
        <java classname="POC_Acceleo.main.Generate" classpathref="XX--POC_Acceleo_pivot.classpath">
            <arg value="${model}"/>
            <arg value="${target}"/>
        </java>
    </target>

    <!--
        In case of problem you can also try with all the jar available in your Eclipse
        Keep in mind that having two versions of the same jar can create problems
    -->
    <target name="generate.alljars">
        <java classname="POC_Acceleo.main.Generate" classpathref="XX--POC_Acceleo_pivot.classpath">
            <arg value="${model}"/>
            <arg value="${target}"/>
        </java>
    </target>
</project>
